Watch ID,What is your gender?,How old are you?,Have you had alcohol within the 24 hours before the show?,Have you had alcohol within the 24 hours before the show? 2,Have you had alcohol within the 24 hours before the show? 3,How many units of alcohol have you consumed?,"Have you had caffeinated products (for example: coffee, caffeinated tea or energy drinks) within 24 hours?",Have you ever experienced any medical conditions that could affect heart response?,What is your first language?,What is your nationality?,Have you seen this band before?,What do you expect from the concert?,Did you consume any alcohol during the show?,How many units of alcohol did you consume?,Did you consume caffeinated products during the show?,How did you rate the performance?,How would you describe your feelings through the performance?,What was the most memorable moment of the performance?,"QuestionThe UK research council has open data policy for public good. Please read more information about how the general principles on research data:http://shorturl.at/hpHKW
 Please tick the box if..."
1,Male,25,Yes,,,2,Yes,No,English,British,No,Indie gig,Yes,2,No,6,Happy;Sad;Relaxed;,"Dusseldorf, the closing song",
2,Male,23,Yes,,,2,Yes,No,English,English,No,Nothing,Yes,2,No,10,Happy;,They left to build tension and came back for two more songs.,Yes;
3,Female,28,No,,,,Yes,No,Persian,Iranian,No,Music and crowd,No,,No,7,Happy;,Single track before the last,Yes;
4,Male,22,Yes,,,3,Yes,No,English,English,No,Nothing,Yes,2,No,10,Happy;,The last song,Yes;
5,non-binary,21,No,,,,Yes,No,English,indian,No,a good time,No,,Yes,7,Happy;Tense;,when they played their secret song,Yes;
6,Male,19,No,,,,Yes,No,English,"Half English, half Australian",No,Some relaxing indie music,No,,Yes,9,Happy;Tense;Relaxed;,The slow quiet song- cherry pie,Yes;
7,Female,23,No,,,,Yes,No,Italian,Italian,No,To have fun,No,,No,6,Relaxed;,The last song,
8,Male,27,No,,,,Yes,No,English,British,No,Music,Yes,1,No,6,Happy;,Studio Lights and Haze Effects,Yes;
9,Male,23,No,,,,No,No,English,British,No,"I didn't even know it was a concert, I saw the email asking for participants and thought it was interesting so I signed up.",Yes,2,No,8,Happy;,The sentence of life advice spoken going into a song as it was a lyric from the track. Also the guy fainting during 7ebra as nobody knew what to do. Glad to see them looking better sitting outside of hall.,
10,Non-binary,20,No,,,,No,No,English,British,No,"A chill, disco inspired band",Yes,2,No,6,Relaxed;,when they played the title track ‘good time/hard time’,Yes;
13,Male,22,Yes,,,8,Yes,No,English,British,No,"Never heard the band before, expected electronic however",Yes,4,No,2,Frustrated;,The opening act,Yes;
14,Male,32,Yes,,,6,Yes,No,English,English,No,No expectations,Yes,2,No,2,A little bored;,The red shoes,Yes;
16,Male,28,Yes,,,14,No,No,English,Indian,No,Good music,Yes,4,No,9,Happy;Relaxed;,Songs,Yes;
17,Male,28,No,,,,Yes,No,Hindi,Indian,No,Fun,No,,No,9,Happy;,The entire set,
19,Male,24,No,,,,Yes,No,English,British,I've seen parts of it,Hope to have some entertainment and learn about a new band,No,,No,7,"Anxious at start, but relaxed afterwards;","The encore, and then they performed their signature hit",
20,Female,24,No,,,,Yes,No,English,Indian,No,I just wanted to enjoy a new type of music genre!,No,,No,6,Relaxed;,I enjoyed the commentary of the band. I like how they made jokes with the audience.,
21,non-binary,20,No,,,,No,No,Dutch,Dutch,No,I thought it would be quite good,No,,No,10,Happy;,The moment everyone really started loosening up and dancing like no one was watching,Yes;
22,Female,52,No,,,,Yes,No,Dutch,Dutch,No,no idea as i didn't know the band,No,,No,6,Relaxed;,Watching my daughter enjoy themselves,Yes;
22,Male,29,No,,,,Yes,No,English,New Zealand,No,Good refreshing Music,No,,Yes,9,Happy;Relaxed;,The slow quiet song- cherry pie,Yes;
24,Male,20,Yes,,,4,No,No,English,British,No,I had no idea what to expect,No,,No,7,Happy;,The jokes the second band told,Yes;
26,Female,49,No,,,,Yes,No,English,British,No,"Pleasure of live music, a few songs I knew",Yes,2,No,9,Happy;,Dancing to the song Short Life but dancing generally,Yes;
27,Male,19,No,,,,No,No,English,British,No,Lively,No,,No,4,Relaxed;,The guitar solo,Yes;
28,Male,19,No,,,,No,No,English,British,No,Lively,No,,No,6,Relaxed;,The full act,Yes;
29,Female,23,Yes,,,6,Yes,No,English,British,No,Good vibes,Yes,4,No,8,Happy;Relaxed;,The lights,Yes;
30,Female,23,No,,,,Yes,No,English,British,No,Good vibes,Yes,4,No,8,Relaxed;,The penultimate act,Yes;
31,Male,27,No,,,,Yes,No,English,British,No,A chilled evening of music,No,,Yes,8,Happy;Relaxed;,The opening song of the main act,
32,Female,27,No,,,,Yes,No,English,British,No,Chilled music,No,,Yes,8,Happy;Relaxed;,The opening act,
34,Male,18,Yes,,,5,Yes,No,English,British,No,Some people to play music on stage,Yes,5,No,8,Happy;Relaxed;,4th or 5th song from the end with strobe lights,
35,Male,20,Yes,,,2,Yes,No,English,British,No,"Good vibes and good music, dancing etc",Yes,2,No,7,Happy;Relaxed;,The last song,Yes;
36,Female,21,Yes,,,2,No,No,English,British,No,"Good vibes, enjoy new music",Yes,3,No,8,Tense;,Last song was good audience,Yes;
37,Male,24,Yes,,,4,No,No,English,British,No,I had no idea what to expect,Yes,3,No,7,Happy;,The sense of humor of the second band,Yes;
38,Male,26,Yes,,,2,No,No,English,British,No,No expectations,Yes,2,No,8,Happy; Relaxed,The warm-up act,